from,to
jmn,zaman
yth,yang terhormat
yg,yang
yng,yang
wlu,walaupun
wkt,waktu
ush,usaha
utk,untuk
tuk,untuk
uu,undang undang
ukr,ukur
tkg,tukang
tlg,tolong
tmh,timah
30x,tiga puluh kali
3m,tiga meter
gpp,tidak apa
gak,tidak
ga,tidak
tdk,tidak
tak,tidak
gk,tidak
no,tidak
nga,tidak
ora,tidak
nda,tidak
gaa,tidak
ndk,tidak
ra,tidak
ttp,tetapi
trs,terus
tsb,tersebut
tjd,terjadi
tks,terima kasih
thd,terhadap
tpt,tepat
ttg,tentang
t4,tempat
tmn,teman
tlp,telpon
tp,tapi
tpi,tapi
tnp,tanpa
tgn,tangan
thn,tahun
th,tahun
tau,tahu
spy,supaya
sdh,sudah
dah,sudah
udh,sudah
wes,sudah
dh,sudah
sud,sudah
ud,sudah
wis,sudah
se7,setuju
spt,seperti
kyk,seperti
ky,seperti
bak,seperti
kya,seperti
smg,semoga
sll,selalu
slu,selalu
shg,sehingga
sdg,sedang
scr,secara
sbg,sebagai
sy,saya
aku,saya
gw,saya
gue,saya
gua,saya
ku,saya
w,saya
ane,saya
ak,saya
aq,saya
sya,saya
sdr,saudara
stu,satu
sgt,sangat
ama,sama
ma,sama
sm,sama
ame,sama
slh,salah
aja,saja
aj,saja
sj,saja
aza,saja
ja,saja
az,saja
aje,saja
ajj,saja
rmh,rumah
rb,ribu
rbu,ribu
rkn,rekan
rg,ragu
pny,punya
due,punya
kep,pulau
ri1,persiden
plg,paling
pkr,pakar
pke,pakai
pgi,pagi
pd,pada
org,orang
nih,nih
tar,nanti
ntr,nanti
mgk,mungkin
mhn,mohon
mrp,mirip
mrk,mereka
mjd,menjadi
emg,memang
mmg,memang
my,maya
mya,maya
mo,mau
mw,mau
msh,masih
msa,masa
mn,mana
mlh,malah
mkn,makan
mk,maka
cem,macam
5t,lima
lht,lihat
lbh,lebih
lgs,langsung
lg,lagi
lag,lagi
lgi,lagi
krg,kurang
kt,kita
qt,kita
krm,kirim
ket,keterangan
krj,kerja
kpd,kepada
knp,kenapa
knl,kenal
kls,kelas
kec,kecamatan
ke8,ke delapan
ksh,kasih
ksi,kasih
krn,karena
coz,karena
kpn,kapan
lu,kamu
lo,kamu
kau,kamu
loe,kamu
elu,kamu
km,kamu
mu,kamu
elo,kamu
kao,kamu
kam,kamu
nte,kamu
you,kamu
qm,kamu
kmi,kami
klo,kalau
kl,kalau
klu,kalau
klw,kalau
ka,kakak
kdg,kadang
kab,kabupaten
jg,juga
jga,juga
jug,juga
jkw,jokowi
jka,jika
jls,jelas
jau,jauh
jgn,jangan
ojo,jangan
jng,jangan
jo,jangan
jl,jalan
jln,jalan
jkt,jakarta
jd,jadi
jdi,jadi
jad,jadi
ya,iya
yes,iya
oke,iya
yak,iya
iy,iya
iyo,iya
tuh,itu
tu,itu
iku,itu
ni,ini
ki,ini
inf,informasi
ri,indonesia
bu,ibu
buk,ibu
hub,hubung
ati,hati
hrs,harus
hrp,harap
hny,hanya
cmn,hanya
cma,hanya
hax,hak
gub,gubernur
fik,fiks
fix,fiks
ex,eks
dsn,dusun
dl,dulu
dlu,dulu
dwn,down
dst,di situ
ds,desa
dep,depan
dpn,depan
dgn,dengan
dg,dengan
dng,dengan
8x,delapan kali
dkt,dekat
dt,datang
dtg,datang
dsr,dasar
dr,dari
dri,dari
dpt,dapat
dsb,dan sebagainya
dll,dan lain lain
n,dan
da,dan
dn,dan
dlm,dalam
cb,coba
cpt,cepat
ckp,cakap
oon,bodoh
bs,bisa
bsa,bisa
iso,bisa
btl,betul
bsk,besok
bsr,besar
brp,berapa
bnr,benar
blm,belum
gt,begitu
bhw,bawa
bsh,basah
bru,baru
br,baru
pak,bapak
p,bapak
bpk,bapak
pa,bapak
pk,bapak
bp,bapak
byk,banyak
bny,banyak
bgt,banget
bgs,bagus
bag,bagian
bg,bagi
bgi,bagi
gmn,bagaimana
bgm,bagaimana
yuk,ayo
ato,atau
atw,atau
ata,atau
apa,apa
opo,apa
ape,apa
alm,almarhum
akn,akan
min,admin
adl,adalah
ad,ada
aya,ada
ono,ada
puny4,punya
sp1rit,spirit
sun4n,sunan
liat,lihat
adlh,adalah
masy,masyarakat
rkyt,rakyat
aamiin,amin
tdi,tadi
lwt,lewat
bt,buat
dll,dan lain lain
thank,terimakasih
tl,timeline
canti,cantik
td,tadi
tgl,tanggal
ttd,tanda tangan
bbrp,beberapa
fb,facebook
hallo,halo
mlm,malam
pls,please
dkk,dan kawan kawan
ksatria,kesatria
sept,september
sing,yang
blum,belum
halloo,halo
hr,hari
int,internasional
kak,kakak
ke4,ke empat
lgsg,langsung
moga,semoga
nov,november
nyuri,curi
pengen,ingin
tlh,telah
untk,untuk
0ktober,oktober
acra,acara
agr,agar
alakadarny,alakadarnya
alamny,alamnya
anakny,anak
arts,seni
ayoayo,ayo
ayok,ayo
bangu,bangun
bday,hbd
beerthday,hbd
bener,benar
beneran,benar
blh,boleh
br3,bertiga
brbahaya,bahaya
brhenti,berhenti
brjung,berjuang
brnyali,bernyali
byar,bayar
cabutt,cabut
dialogdinihari,dialog dini hari
dije,dj
dikit,sedikit
hola,halo
holaa,halo
horee,hore
ind,indonesia
indo,indonesia
jogjakarta,yogyakarta
jogjakarta,kabar
kaarya,karya
kamyu,kamu
katany,kata
kawans,kawan
kbar,kabar
ke3,ketiga
kemaren,kemarin
kethree,ketiga
kluar,luar
kmrin,kemarin
kmrn,kemarin
krisissdm,krisis
krmn,kirim
ksbukn,sibuk
ktemu,temu
ktnya,kata
kwn,kawan
lakik,laki
makasih,terimakasih
makasi,terimakasih
mangrooves,mangrove
mangroves,mangrove
mantab,mantap
mantaff,mantap
maturnuwun,terimakasih
matursuwun,terimakasih
mengema,menggema
mhon,mohon
mhs,mahasiswa
mksd,maksud
mlwati,melewati
mmbeli,membeli
mmbuat,membuat
mnjadi,menjadi
msih,masih
mukak,muka
ndak,tidak
ngasi,beri
ngasih,beri
ngebahas,bahas
no17,nomor tujuhbelas
okt,oktober
orgnya,organ
pages,page
pakaianny,pakaian
per3an,bertigaan
perancis,prancis
peyut,perut
plis,please
prov,provinsi
psl,pasal
suksess,sukses
yok,ayo
skrg,sekarang
dtng,datang
support,dukung
supportnya,dukung
supported,dukung
supporting,dukung
supports,dukung
tshirt,kaos
tshirtnya,kaos
1kaos,satu kaos
abis,habis
acaranya,acara
activists,aktivis
action,aksi
ade,adik
ajakan,ajak
akademisinya,akademisi
akkhirnya,akhir
aksinya,aksi
aktifis,aktivis
akustikan,akustik
anaknya,anak
ancur,hancur
apr,april
ava,avatar
avatarnya,avatar
awards,award
ayoo,ayo
bacanya,baca
balihomu,baliho
bandnya,band
banjarnya,banjar
banjirnya,banjir
belinya,beli
benua,benoa
bikin,buat
bikinan,buatan
mksd,maksud
bkn,bukan
blk,balik
blom,belum
bntuk,bentuk
brjuang,berjuang
brusaha,berusaha
bukak,buka
bw,bawa
cantek,cantik
catet,catat
dasyat,dahsyat
dateng,datang
deket,dekat
denahnya,denah
des,desember
desanya,desa
dharmawijaya,dharma wijaya
dibodohi,dibohongi
endonesa,indonesia
dtng,datang
duit,uang
dukunganmu,dukungan
dukungannya,dukungan
ekpresi,ekspresi
emang,memang
energinya,energi
epribadi,pribadi
feb,februari
fest,festival
filmnya,film
finally,final
gelegarnya,gelegar
glenn30september,gell tigapuluh september
gratiss,gratis
gubernurbali,gubernur bali
hadjar,hajar
hestek,tag
sblmnya,sebelumnya
belom,belum
kliatan,kelihatan
kepad,kepada
msuk,masuk
kasian,kasihan
tggu,tunggu
sampe,sampai
gda,tidak ada
pupuzz,pupus
bnyak,banyak
kalo,kalau
cungkringg,cungkring
president,presiden
bgmn,bagaimana
pdhl,padahal
external,eksternal
idup,hidup
klii,kali
aplg,apalagi
udah,sudah
koyok,seperti
ngono,itu
tikto,tiktok
negatip,negatif
gmna,bagaimana
pesanya,pesannya
ente,kamu
skrng,sekarang
soryy,maaf
dkit,sedikit
dapet,dapat
prof,profesor
prnh,pernah
4bln,empat bulan
bnyk,banyak
brarti,berarti
nasehat,nasihat
orng,orang
mlah,malah
smakin,semakin
jngan,jangan
poto,foto
ditaroh,diletakkan
kabor,kabur
kamvret,kampret
mirs,miris
ngibull,bohong
medso,media sosial
pkiran,pikiran
statistics,statistik
milih,pilih
kerjaan,kerja
ssejati,sejati
nyampe,sampai
ngga,tidak
duluan,lebih dulu
tnda,tanda
kagem,untuk
pake,pakai
nebak,tebak
kasian,kasihan
gitu,begitu
nompang,numpang
kbangkitan,kebangkitan
sampe,sampai
dikasi,diberi
siapapu,siapapun
mengingnkn,menginginkan
hastaq,tagar
bgitu,begitu
onok,ada
nggak,tidak
bngt,banget
prem,preman
pingin,ingin
nemu,temu
jmlh,jumlah
walo,walau
pertm,pertama
pringkt,peringkat
sprt,seperti
negri,negeri
gimana,bagaimana
industry,industri
tida,tidak
bikinrame,buat ramai
bliau,beliau
bkerja,bekerja
dprcaya,dipercaya
mbangun,membanggun
piye,bagaimana
7juta,tujuh juta
40rb,empat puluh ribu
40cm,empat puluh cm
35th,tahun
019tetap,2019tetap
aamin,amin
kehbs,kehabisan
sprti,seperti
rakya,rakyat
komen,komentar
trus,terus
cobak,coba
kerna,karena
abisnya,habis
adiknya,adik
aggaran,anggaran
ahog,ahok
alamiin,alamin
alhamdlh,alhamdulilah
amaat,amat
amiin,amin
ampe,sampai
aneeh,aneh
apalag,apalagi
apalg,apalagi
apix,bagus
aplgi,apalagi
aplikas,aplikasi
argumennya,argumen
asetnya,aset
atay,atau
ayooh,ayo
babalan,sepakbola
bagaimma,bagaimana
bagamana,bagaimana
bagusx,bagus
bahasannya,bahasa
bahasanya,bahasa
bahk,bahkan
bahkab,bahkan
mengat,mengatakan
bahw,bahwa
balikkan,balik
ballikan,balik
bandingin,banding
bandingkan,banding
bangat,banget
bangsanya,bangsa
bantuanny,bantuan
bantuannya,bantuan
bast,berdasarkan
bejasa,berjasa
bejuang,berjuang
benern,benar
beradap,beradab
beraktifitas,aktivitas
berfiki,berpikir
berkolaboras,kolaborasi
berlak,berlaku
bermartaba,bermartabat
berpendidik,pendidikan
berpendidikan,pendidikan
berpreatasi,prestasi
berprestasi,prestasi
berpulitik,politik
bers,bersama
bersa,bersama
berub,berubah
berwib,wibawa
berwibawa,wibawa
bgsa,bangsa
bgun,bangun
bicaradong,bicara
biki,buat
binun,bingung
bisajadi,bisa jadi
biyasa,biasa
bkar,bakar
bkin,buat
bknny,bukan
blusukann,blusukan
blusukannya,blusukan
bneran,benar
bnrkah,benar
bngong,bengong
boongnya,bohong
bpk,bapak
brfikir,berpikir
brjanji,berjanji
brlbhan,berlebihan
brmartabat,martabat
brpihak,berpihak
brpikir,berpikir
brtelanjang,telanjang
bubarkan,bubar
buetul,betul
buwang,buang
calonkandidat,calon kandidat
carii,cari
carikan,cari
cuccok,cocok
diaa,dia
diee,dia
duett,duet
cust,kustomer
sya,saya
lieur,pusing
hri,hari
liatnya,lihat
customer,kustomer
udeh,sudah
nambah,tambah
dimane,dimana
mane,mana
naek,naik
males,malas
sypa,siapa
go -jek,gojek
10rb,sepuluh ribu
130rb,seratus tigapuluh ribu
150rb,seratus lima puluh ribu
50rban,lima puluh ribu
80rb,delapan puluh ribu
90rb,sembilan puluh ribu
100rb,seratus ribu
50rb,lima puluh ribu
15menit,lima belas menit
100rebu,seratus ribu
0nline,online
aamin,amin
abangnyaa,abang
abaolutely,absolutly
abwank,abang
ada4,ada empat
adalh,adalah
ademm,adem
ademin,adem
agree,setuju
akhirin,akhir
akhirtwo,akhir two
aktifasi,aktivasi
akrabin,akrab
aktifin,aktif
aktivitasnya,aktivitas
akunnya,akun
alexisnya,alexis
aminn,amin
anaku,anak
ancem,ancam
anehh,aneh
angkotnya,angkot
antispasi,antisipasi
apakabar,apa kabar
apakh,apakah
apal,hafal
apap,apa
apapa,apa
apatwo,apa
applikasi,aplikasi
aplikasimu,aplikasi
apus,hapus
asuransinya,asuransi
asyik,asik
ataw,atau
balesan,balasan
balese,balas
bandingin,banding
banged,sangat
bantuin,bantu
bapa,bapak
baperan,baper
bawahnya,bawah
bayangin,bayangkan
bedany,beda
beliin,beli
benerin,benar
bentuknya,bentuk
beperpihakan,keberpihakan
bercandaan,bercanda
berentikan,henti
beresnya,beres
berha,berhak
berhentiin,berhenti
berijan,ijin
berkomentar,komentar
berpihakan,berpihak
bersihkan,bersih
bersihnya,bersih
kebersihan,bersih
bertggjwb,bertanggung jawab
besarin,membesarkan
besuk,besok
bgini,begini
bgmana,bagaimana
bgmnapun,bagaimana
bgni,begini
bgus,bagus
bgtu,begitu
bhs,bahasa
biasany,biasa
bingit,sangat
bisanye,bisa
bisanya,bisa
bkannya,bukan
bkin,buat
bknnya,bukan
blajar,belajar
bln,bulan
bls,balas
bntar,sebentar
bohongin,bohong
bojo,istri
bole,boleh
bolehh,boleh
boong,bohong
boongin,bohong
bosen,bosan
bpak,bapak
brbasis,basis
brbgi,berbagi
brenti,berhenti
brentinya,berhenti
brhentikan,berhenti
brhnti,berhenti
2019tetap,2019 tetap
30thn,30 tahun
abaikan,abai
abainya,abai
ngabsen,absen
eneng,ada
adala,adalah
agomo,agama
airnya,air
endingnya,akhir
terahir,akhir
alternatip,alternatif
amanahnya,amanah
umrik,amerika
bocah,anak
seandainya,andai
andaikan,andai
beranggotakan,anggota
angkatlah,angkat
anjink,anjing
njir,anjing
diantisioasi,antisipasi
antusiasnya,antusias
apalah,apa
arahnya,arah
argumen,argumen
argument,argumen
artian,arti
artinay,arti
asyiknya,asik
atasannya,atas
diatasnya,atas
ayolah,ayo
bacalah,baca
mbaca,baca
membaca,baca
mmbaca,baca
badannya,badan
giman,bagaimana
gimanapun,bagaimana
gmana,bagaimana
baguslah,bagus
baguus,bagus
berbahasa,bahasa
bhwa,bahwa
baiknya,baik
membalasx,balas
banggakan,bangga
membangga,bangga
bagunlah,bangun
membantu,bantu
kebanyakan,banyak
bany,banyak
banyakin,banyak
dibanyakin,banyak
bapaknya,bapak
bokapnya,bapak
barunyg,baru yang
batasa,batas
batasi,batas
batunya,batu
batubaranya,batubara
gowo,bawa
dibawabawa,bawa
membawa,bawa
ngisor,bawah
membayangkan,bayang
mmbayangkan,bayang
ngebayangin,bayang
mmbayar,bayar
baigon,baygon
membebani,beban
membedakan,beda
badebah,bedebah
gini,begini
bginilah,begini
ginian,begini
giniin,begini
diblkg,belakang
membeli,beli
belio,beliau
membelok,belok
bloom,belum
sebelumny,belum
bene,benar
kbnran,benar
sebenanrnya,benar
sebenar,benar
beraninya,berani
sberapa,berapa
beratnya,berat
memberatkan,berat
berbag,berbagi
dikase,beri
memberitahu,beri tahu
ngaca,berkaca
memberkati,berkat
bareng,bersama
gedek,besar
biarin,biar
biayanya,biaya
bibirmu,bibir
bicaralah,bicara
bijaknya,bijak
bisiknya,bisik
blak,black
bodo,bodoh
dongok,bodoh
ngibul,bohon
bohongi,bohong
bohongnya,bohong
bosnya,bos
buuoseen,bosan
dibikin,buat
buday,budaya
budayakan,budaya
dibui,bui
kebuka,buka
ngebukaya,buka
buktinya,bukti
buktiin,bukti
ngebuktiin,bukti
bulatkan,bulat
dibully,bully
bungkusnya,bungkus
bosok,buruk
buruknya,buruk
terburuk,buruk
buteq,butek
butuhkan,butuh
buzzernya,buzzer
chabul,cabul
cacingan,cacing
cakephh,cakap
calonnya,calon
mncapai,capai
nyari,cari
cawapresnya,cawapres
chebong,cebong
dicheck,cek
cermelang,cemerlang
cpet,cepat
cpt7,cepat
pencerahannya,cerah
dicerdaskan,cerdas
critany,cerita
nyeritain,cerita
mncerminkan,cermin
cewe,cewek
dichina,china
coper,chooper
dicintai,cinta
citranya,citra
cucok,cocok
contohnya,contoh
mencontohkan,contoh
kecuci,cuci
keculasan,culas
penculikn,culik
kecurang,curang
nyurigai,curiga
mendahulu,dahulu
pendakwah,dakwah
dala,dalam
dalem,dalam
dlem,dalam
dampaknya,dampak
dananya,dana
danai,dana
dangkalnya,dangkal
dapatkan,dapat
dpet,dapat
mendapatka,dapat
mendapt,dapat
dapure,dapur
dasare,dasar
datanya,data
datangi,datang
kedatangannya,datang
bargainingnya,daya tawar
didebatin,debat
mendekat,dekat
deklarasikan,deklarasi
demonya,demo
degan,dengan
denga,dengan
dngan,dengan
dengerin,dengar
didengar,dengar
dngr,dengar
terdengar,dengar
kedepan,depan
dideportasi,deportasi
didesa,desa
desaign,design
dewannya,dewan
dewantary,dewan
disono,di sana
disana,di sana
diemin,diam
dikriti,dikritik
diliri,dilirik
kedinginan,dingin
diplomasinya,diplomasi
dirimubpakde,diri pakde
diaayangkan,disayangkan
discount,diskon
berdo,doa
dramanya,drama
dudukkan,duduk
mendukung,dukung
edian,edan
eduun,edan
edition,edit
efeknya,efek
efektiv,efektif
ejekan,ejek
emasnya,emas
empatiny,empati
ntah,entah
diera,era
fadlijon,fadlizon
sefanatik,fanatik
fasilitasi,fasilitas
vasilitas,fasilitas
fiksinya,fiksi
fiktip,fiksi
fokusx,fokus
follo,follow
folow,follow
difoto,foto
frustasinya,frustasi
frustrasinya,frustasi
fung,fungsi
dgadein,gadai
gagahan,gagah
genk,gank
digant,ganti
gantiin,ganti
gantikan,ganti
gantinya,ganti
garem,garam
style,gaya
gemetaran,gemetar
gemeter,gemetar
geraknya,gerak
grak,gerak
gerpmbolan,gerombolan
grombolan,gerombolan
gilanya,gila
dipergilirkan,gilir
grou,grup
grup,grup
gunanya,guna
pnggunaan,guna
kehabisan,habis
habi,habis
hdapi,hadapi
hdpi,hadapi
haknya,hak
hnya,hanya
hany,hanya
ngarep,harap
harganya,harga
hrga,harga
hargadirinya,harga diri
hrsnya,harus
kudu,harus
hasim,hashim
hasyim,hashim
hslnya,hasil
haternya,hater
hatinya,hati
hatipun,hati
hebatnya,hebat
hebaat,hebat
khendak,hendak
kehi,hidup
kehidupannya,hidup
ilang,hilang
hombre,hombreng
homosexual,homosex
honornya,honor
hormatan,hormat
hotelkamp,hotel kamp
hape,hp
hujanan,hujan
hujatan,hujat
utang,hutang
ngutang,hutang
ibadahnya,ibadah
emak,ibu
idenya,ide
iklas,ikhlas
ikutan,ikut
ikuti,ikut
ikutin,ikut
ngikut,ikut
ilayhi,ilahi
ilmunya,ilmu
ngimami,imam
ngimammi,imam
imporan,impor
ngincar,incar
indobrmter,indobarometer
indonsia,indonesia
indon,indonesia
indone,indonesia
indones,indonesia
infestruktr,infrastruktur
infrastrukture,infrastruktur
infrstukt,infrastruktur
insafktruktur,infrastruktur
inget,ingat
ingatkan,ingat
eleeng,ingat
ingatlah,ingat
ingatnya,ingat
inginnya,ingin
pngn,ingin
terimspirasi,insipirasi
internetnya,internet
intr,internet
inv,invasi
invasi,invasi
invstasi,investasi
isinya,isi
istirahatlah,istirahat
bini,istri
bininya,istri
issue,isu
isyu,isu
kuwi,itu
ittuh,itu
ituh,itu
itukan,itu
itupun,itu
ntuh,itu
iyalah,iya
iyanya,iya
dadi,jadi
jdnya,jadi
jadirahasia,jadi rahasia
jahatnya,jahat
melaku,jalan
jalanan,jalan
jalannya,jalan
jalanya,jalan
kejln,jalan
jamanny,jaman
jaminan,jamin
terjamin,jamin
jngn,jangan
jagan,jangan
janjikan,janji
jnji,janji
jatuhkan,jatuh
jauuh,jauh
kaujauhi,jauh
jayaapura,jayapura
terjebak,jebak
jebloskan,jeblos
menjelekkan,jelek
jiembut,jembut
menawi,jika
jilatannya,jilat
jilaters,jilat
njilatin,jilat
jiwanya,jiwa
kejiwaannya,jiwa
jokowilah,jokowi
jkwi,jokowi
jokowie,jokowi
jombloh,jomblo
kabarnya,kabar
khabar,kabar
mengabari,kabar
ngacao,kacau
terkadang,kadang
klau,kalau
kalaupu,kalau
kalee,kali
kaliamntam,kalimantan
kalk,kalkulasi
campaign,kampanye
kampanyenya,kampanye
kamfreett,kampret
sampeyan,kamu
maneh,kamu
antum,kamu
jenengan,kamu
kantornya,kantor
krna,karena
karn,karena
karibnya,karib
kartasasm,kartasasmita
karyamu,karya
melas,kasihan
acian,kasihan
kacian,kasihan
dikata,kata
dikatakn,kata
jaremu,kata
katax,kata
omomgannya,kata
omonganm,kata
omonganya,kata
omongn,kata
kaumnya,kaum
dikawasan,kawasan
kayag,kayang
kekaya,kayang
kbangetan,kebangetan
kebanyang,kebayang
keberadaannya,keberadaan
kebinasaan,kebiasaan
kebon,kebun
kecewakan,kecewa
cilik,kecil
terkecil,kecil
kecoanye,kecoa
kcuali,kecuali
kdpn,kedepan
kej,kejadian
kjdian,kejadian
kekuatanasing,kekuatan asing
kelaminya,kelamin
keliatan,kelihatan
klmpk,kelompok
klompok,kelompok
kmaren,kemarin
kmarin,kemarin
kmbali,kembali
terkenal,kenal
knapa,kenapa
knpa,kenapa
ngap,kenapa
ngapa,kenapa
ngapan,kenapa
kenape,kenapa
kenopo,kenapa
ngapah,kenapa
kendalhrs,kendal harus
kpstian,kepastian
jepentingan,kepentingan
kepresmu,keppres
kerajan,kerajaan
krajinan,kerajinan
kerasnya,keras
kebo,kerbau
kereenn,keren
kerjanya,kerja
krja,kerja
pekerjan,kerja
pkrjaan,kerja
terkesan,kesan
terkesa,kesan
ketiksendiri,ketik sendiri
ktka,ketika
kuatir,khawatir
mengkhayalkan,khayal
kg,kilogram
kinerjanya,kinerja
kiro,kira
dikirimin,kirim
kitap,kitab
diklarifikasi,klarifikasi
kodoknya,kodok
dikolam,kolam
koleksinya,koleksi
comment,komentar
koment,komentar
coment,komentar
dikomentarin,komentar
komentarin,komentar
komentarnya,komentar
komisar,komisaris
komitmennya,komitmen
komplit,komplet
komunikasinya,komunikasi
konkrit,konkret
konsiste,konsisten
kopassus,kopasus
kopasuss,kopasus
kopla,koplak
dikorbankan,korban
korupsinya,korupsi
kutabumi,kotabumi
kritikannya,kritik
kritikmu,kritik
kritk,kritik
kwadrat,kuadrat
kualitasmu,kualitas
kuatkan,kuat
gupak,kubang
kulitin,kulit
kumisnya,kumis
kumpuli,kumpul
koentjinya,kunci
kuncinya,kunci
kawe,kw
labanya,laba
melahirkan,lahir
laen,lain
lainya,lain
lanjuti,lanjut
laper,lapar
laparnya,lapar
dilporkn,lapor
laporin,lapor
laporkan,lapor
melapor,lapor
melaporkan,lapor
larinya,lari
lautan,laut
melawak,lawak
lbih,lebih
lebh,lebih
lebi,lebih
lebihganteng,lebih ganteng
lela,lelah
kelemahannya,lemah
lemparin,lempar
kelengkapan,lengkap
terlepas,lepas
levelnya,level
kelewat,lewat
lewatin,lewat
trlewatkn,lewat
eljibiti,lgbt
lidahnya,lidah
kethok,lihat
liadnya,lihat
liatin,lihat
lihatin,lihat
15jt,limabelas juta
linknya,link
liriknya,link
melobby,loby
melobi,loby
logistiknya,logistik
lompatan,lompat
lonca,loncat
luangkan,luang
meluncur,luncur
meluncurkan,luncur
lali,lupa
sory,maaf
maap,maaf
mabok,mabuk
macem,macam
larang,mahal
mahalan,mahal
mahalnya,mahal
mahluknya,mahluk
maen,main
mainannya,mainan
mainl,mainan
memajuka,maju
mkanya,maka
mknya,maka
makanan,makan
makannya,makan
mamam,makan
mklum,maklum
maklumken,maklum
maklumlah,maklum
maksudnya,maksud
mksdnya,maksud
maksudny,maksud
maksute,maksud
isin,malu
malunya,malu
mampuan,mampu
manapun,mana
mandir,mandiri
manfaatkan,manfaat
manfaatnya,manfaat
mantaf,mantap
mantaplah,mantap
mantapp,mantap
memanusiakan,manusia
marahi,marah
masaak,masak
masax,masak
mslah,masalah
dimasalahkan,masalah
maslah,masalah
mslh,masalah
masi,masih
iseh,masih
taksih,masih
masukan,masuk
masukin,masuk
masuknx,masuk
memasuki,masuk
masyaraakat,masyarakat
masyarakatnya,masyarakat
masyar,masyarakat
masyara,masyarakat
masyarakatmu,masyarakat
dimata,mata
dimatamu,mata
mateng,matang
matirasa,mati rasa
maunya,mau
bade,mau
hayang,mau
karep,mau
karepku,mau
mauu,mau
medsos,media sosial
dimedsos,media sosial
melakukn,melakukan
emangnya,memang
mmng,memang
mmang,memang
memangnya,memang
membamgun,membangun
membanggun,membangun
dimeme,meme
ngerti,mengerti
mnghina,menghina
mnjdi,menjadi
memjaga,menjaga
mnurutku,menurut
mrka,mereka
mrupakan,merupakan
dimiliki,milik
dmiliki,milik
meiliki,milik
misale,misal
memodalin,modal
modalnya,modal
modarr,modar
dimonas,monas
mudahan,mudah
mudahkan,mudah
muke,muka
congor,mulut
mulutnya,mulut
bacot,mulut
cangkemu,mulut
mgkn,mungkin
mngkin,mungkin
mngkn,mungkin
mungk,mungkin
munkin,mungkin
muridnya,murid
musiman,musim
musnahkan,musnah
musuhan,musuh
nad,nada
nadanya,nada
napas,nafas
nafsuan,nafsu
nfsu,nafsu
naikkan,naik
nalarnya,nalar
namanya,nama
jenenge,nama
ntar,nanti
entar,nanti
nnti,nanti
narasinya,narasi
dinasehati,nasihat
dinegara,negara
dinegeri,negara
neg,negara
negar,negara
negaranya,negara
mngaji,ngaji
dinilai,nilai
senilai,nilai
nirmal,normal
kenyataannya,nyata
nyinyirin,nyinyir
nynyirin,nyinyir
nyungsepp,nyungseb
diobral,obral
onderdilnya,onderdil
diongkosi,ongkos
dioperasi,operasi
opinikan,opini
oportunis,opportunis
optimisme,optimis
optimistis,optimis
orangnya,orang
orangx,orang
orangya,orang
seorg,orang
urang,orang
orangbatak,orang batak
orientasinya,orientasi
otaknya,otak
otakmu,otak
utekmu,otak
enjang,pagi
memaham,paham
pajaknya,pajak
dipakai,pakai
dipake,pakai
pkai,pakai
pakdhe,pakde
pade,pakde
dipaksa,paksa
makain,paksa
maksa,paksa
memakukan,paku
pling,paling
mamerin,pamer
memamerkan,pamer
pemer,pamer
memanas,panas
pandanglah,pandang
manggil,panggil
sepanggung,panggung
pant,pantai
pantes,pantas
dipantas,pantas
pantesan,pantas
pantesnya,pantas
pnts,pantas
partainya,partai
pasnya,pas
dipasar,pasar
pasarnya,pasar
pastinya,pasti
pastikan,pasti
pelayanannya,pelayanan
peliharalah,pelihara
pluang,peluang
pmbngunan,pembangunan
pembangungan,pembangunan
pembgunan,pembangunan
pembelaanya,pembelaannya
pembrani,pemberani
pemerintahan,pemerintah
pemerintahnya,pemerintah
pemerinyah,pemerintah
pemrntah,pemerintah
pencalonannya,pencalonan
pndapat,pendapat
pndpt,pendapat
pendidika,pendidikan
pndidikn,pendidikan
pndukung,pendukung
pngamat,pengamat
pwngembangan,pengembangan
dipenjarakan,penjara
urgen,penting
dipenuhi,penuh
sepenuhnya,penuh
penyakitan,penyakit
pnyakit,penyakit
perasaannya,perasaan
dpercaya,percaya
prcya,percaya
diperhatikan,perhatikan
prhatikn,perhatikan
prilaku,perilaku
priode,periode
peenah,pernah
persiss,persis
perusahan,perusahaan
prusahaan,perusahaan
ptsl,petisi
poidanakan,pidana
mikir,pikir
dipiki,pikir
dipikir,pikir
fikiran,pikir
kpilih,pilih
dipindah,pindah
pinggiran,pinggir
pint,pintar
pinteran,pintar
lawang,pintu
kepolitik,politik
positive,positif
presuden,presiden
preseiden,presiden
presid,presiden
presidem,presiden
presideng,presiden
presidenq,presiden
presidenye,presiden
fress,press
prestasinya,prestasi
ptestasi,prestasi
cowo,priia
prinsipnya,prinsip
progrm,program
progres,progress
progres98,progress
progressnya,progress
frotes,protes
puisu,puisi
punyaanya,punnya
duek,punya
duwe,punya
duwek,punya
dwek,punya
purnawiran,purnawirawan
mumet,pusing
puyeng,pusing
putrinya,putri
putusan,putus
putuskan,putus
rakyatnya,rakyat
rame,ramai
merapat,rapat
revormasi,reformasi
regrann,regram
reklamasih,reklamasi
relaw,relawan
relawannya,relawan
perencanaan,rencana
renca,rencana
rencanakn,rencana
rencananya,rencana
resmiin,resmi
respon,respons
direspon,respons
ngetweet,retweet
rrcina,rrc
rt7rw8,rt tujuh rw delapan
dirumahmu,rumah
dirumahnya,rumah
rumahnya,rumah
rumahsakit,rumah sakit
suket,rumput
merusak,rusak
sadari,sadar
sainga,saingan
smbil,sambil
smpe,sampai
bnget,sangat
sngt,sangat
menyanjung,sanjung
nyantai,santai
selow,santai
menyapa,sapa
sarankan,saran
satupun,satu
satukampung,satu kampung
1priode,satu periode
sayanya,saya
sayapikir,saya pikir
sayangkan,sayang
penyebabnya,sebab
sbbnya,sebab
sbgai,sebagai
sebagia,sebagai
sebgai,sebagai
srbagai,sebagai
sebgian,sebagian
sebaikny,sebaiknya
sebaikx,sebaliknya
sebangsanya,sebangsa
sblh,sebelah
seblum,sebelum
sbntr,sebentar
menyebut,sebut
nyebut,sebut
sebutan,sebut
sebutin,sebut
sebutkan,sebut
menyediakan,sedia
disediakan,sedia
mnyedihkan,sedih
sgala,segala
sgra,segera
skali,sekali
sekalai,sekali
sekakigus,sekaligus
skarang,sekarang
sekara,sekarang
sekrng,sekarang
disekitarnya,sekitar
sekitaran,sekitar
swkitar,sekitar
sekolahnya,sekolah
sekola,sekolah
sekolh,sekolah
selnya,sel
slaen,selain
sllu,selalu
slesai,selesai
selsai,selesai
selsainya,selesai
selingkuhanya,selingkuh
smkn,semakin
smangat,semangat
ngumpet,sembunyi
mstinya,semestinya
smoga,semoga
smga,semoga
semprotkan,semprot
smua,semua
disemua,semua
semuan,semua
seneng,senang
sndri,sendiri
tersendiri,sendiri
sensi,sensitif
sensitiv,sensitif
sensitive,sensitif
senyumin,senyum
sepapakbola,sepakbola
kayak,seperti
kayaknya,seperti
sptnya,seperti
kayanya,seperti
kyknya,seperti
koyoke,seperti
kyaknye,seperti
seeprti,seperti
seprrtinya,seperti
sperti,seperti
sprtinya,seperti
sprtx,seperti
10jt,sepuluh juta
10thn,sepuluh tahun
10thun,sepuluh tahun
menyerahkan,serah
serahi,serah
serahin,serah
serahka,serah
1000x,seribu kali
sajen,sesaji
sesaknya,sesak
sesatnya,sesat
menyesuaikan,sesuai
setanlah,setan
stngah,setengah
stiap,setiap
setujui,setuju
setujukan,setuju
sewotin,sewot
sexnya,sex
sholatpun,sholat
siaap,siap
sopo,siapa
siarannya,siaran
slhkan,sila
monggo,silahkan
nyimak,simak
solusinya,solusi
sosmed,sosial media
sepirit,spirit
spirit,spirit
spiritnya,spirit
stabilkan,stabil
stres,stress
setres,stress
suaminya,suami
menyuarakan,suara
suaranya,suara
subyektif,subjektif
substansinya,substansi
sdah,sudah
yaudah,sudah
sujana,sudjana
sukseskan,sukses
sump,sumpek
sumpeknya,sumpek
sngai,sungai
suer,sungguh
sopir,supir
supirx,supir
surah,surat
surahnya,surat
survey,survei
susahnya,susah
nyusupin,susup
persyaratan,syarat
nandingi,tading
menafsirkan,tafsir
hastag,tagar
hastagnya,tagar
hasteknya,tagar
tag,tagar
menahan,tahan
ketahu,tahu
taunya,tahu
tahunan,tahun
thn98sd,tahun 98 sd
tahunpolitik,tahun politik
taek,taik
menaklukkan,takluk
taktisnya,taktis
menakutkan,takut
nakut,takut
nakuti,takut
takutan,takut
tkut,takut
tmbah,tambah
tamba,tambah
nampak,tampak
nam,tampak
nampaknya,tampak
mnampilkan,tampil
tamp,tamping
dtmpolin,tampol
mnanam,tanam
menand,tanda
menandakan,tanda
pertanda,tanda
tand,tanding
tggl,tanggal
menanggapinya,tanggap
tangguhnya,tangguh
nanggung,tanggung
nantang,tantang
tantangannya,tantangan
nanya,tanya
pertanyaannya,tanya
trget,target
pertarungan,tarung
nawarin,tawar
teknology,teknologi
tauladan,teladan
tlah,telah
ketelanjanga,telanjang
telanj,telanjang
tlanjang,telanjang
tlnjang,telanjang
menelantarkan,telantar
nemenin,teman
nembak,tembak
temuannya,temuan
ketenaga,tenaga
tenega,tenaga
ketenagakerjaan,tenaga kerja
kelelep,tenggelam
tenteram,tentram
menentukan,tentu
tentukn,tentu
nepatin,tepat
menerangi,terang
trbaik,terbaik
tergantu,tergantung
terh,terhadap
terhdp,terhadap
rerhormat,terhormat
teriakan,teriak
trima,terima
terj,terjang
trlalu,terlalu
termas,termasuk
termasu,termasuk
trmasuk,termasuk
trnyata,ternyata
trsebut,tersebut
sakkarepmu,terserah
guyu,tertawa
trulang,terulang
teyus,terus
dites,tes
test,tes
tetep,tetap
menent,tetap
menetapkan,tetap
tetapkan,tetap
ttapi,tetapi
kaga,tidak
kagak,tidak
kakak,tidak
engga,tidak
ngak,tidak
ketidak,tidak
ogah,tidak
tdak,tidak
gpunya,tidak punya
gasadar,tidak sadar
timu,tim
tind,tindak
nifu,tipu
menolak,tolak
ketololan,tolol
totalnya,total
tragedi,tragedi
transferan,transfer
terliun,triliun
terliunan,triliun
terluar,triliun
trilyu,triliun
triyunan,triliun
truktwo,truk
tuanmu,tua
tuannya,tua
mnuai,tuai
menuduh,tuduh
nuduh,tuduh
menulis,tulis
tulisanny,tulis
tulisannya,tulis
tulisnya,tulis
tumbalnya,tumbal
nunggang,tunggang
menunggu,tunggu
tungguin,tunggu
tungguh,tunggu
nunjukin,tunjuk
tuntaskan,tuntas
turuti,turut
tutupnya,tutup
tipi,tv
tivi,tv
ngetwit,twit
twet,twit
twitnya,twit
twittny,twit
duite,uang
ucapan,ucap
ucapannya,ucap
uda,udah
undan,undang
unggulan,unggul
untu,untuk
utuk,untuk
untng,untung
untungkan,untung
ngurus,urus
ngurusi,urus
ustadz,ustad
ustd,ustad
usulan,usul
videonya,video
vidio,video
wajahx,wajah
wajarlah,wajar
kewajaran,wajar
kewajibannya,wajib
wakile,wakil
wakilnya,wakil
wapresx,wapres
warganya,warga
wudu,wudlu
terwuju,wujud
wujudkan,wujud
makjleb,sakit
k4l1j4g4,kalijaga
yakinlah,yakin
ykin,yakin
seng,yang
zongky,zonk
zonky,zonk
dashboardberdasarkan,dashboard berdasarkan
dashboardpokok,dashboard pokok
500ketua,500 ketua
000tigor,tigor
000menteri,menteri
000cc,2000 cc
zonamerah,zona merah
praktikkemitraanyang,praktik kemitraan yang
yogyakartabayu,yogyakarta bayu
agarpelarangan,agar pelarangan
wicaksonomenyatakan,wicaksono menyatakan
wicaksonomengatakan,wicaksono mengatakan
warganetuntuk,warganet untuk
petisidigalangwarganetdi,petisi digalang warganet di
sejumlahsopir,sejumlah sopir
undangmulai,undang mulai
nomornineteen,nomor nineteen
ukuranya,ukuran
tuyulmenurut,tuyul menurut
kantorsementar,kantor sementara
tuntutannyamenurut,tuntutan menurut
tuntutannyadia,tuntut dia
tuntutannya,tuntut
untukdibuatnyaaturan,untuk buat aturan
permenhubonehundredandeight,permenhub onehundredandeight
transportasiumar,transportasi umar
transportasionlineuntuk,transportasi online untuk
transportasionlinerodadua,transportasi online roda dua
penentuanbatas,penentuan batas
transportasionlinediantaranya,transportasi online diantaranya
salinanperjanjian,salinan perjanjian
transportasionlinedianggap,transportasi online dianggap
transportasionline,transportasi online
dibuatkannya,buat
transportasinya,transportasi
transportasin,transportasi
transportasidalam,transportasi dalam
tarifnya,tarif
onlinetidak,online tidak
onlinetermasuk,online termasuk
onlinesudah,online sudah
onlineriset,online riset
onlinekeempat,online keempat
onlineitu,online
onlinedi,online
onlinedalam,online
ojekonlinekepada,ojek online kepada
ojekonline,ojek online
mitranya,mitra
aturansebelumnya,aturan sebelumnya
pendapatannya,pendapatan
srut,surut
praktikkemitraanyang,prakti kkemitraanyang
menjemputpenumpangbagi,menjemput penumpang bagi
terkaitlarangan,terkait larangan
angkutanonlineberoperasi,angkutan online beroperasi
dalamasosiasi,dalam asosiasi
padaperaturan,pada peraturan
dalamnnya,dalam
tentangtentang,tentang
tentangpenyelenggaraan,tentang penyelenggaraan
angkutanonline,angkutan online
denganmenyediakan,dengan menyediakan
tarifpurwanto,tarif purwanto
tarifnya,tarif
transportasionlinejuga,transportasi online juga
ojekonlineharus,ojek online harus
menghindaripenetapan,menghindari penetapan
kemenhubsepanjang,kemenhub sepanjang
bawahpenetapan,bawah penetapan
aplikatorindra,aplikator indra
aplikatorkompas,aplikator kompas
tandatangani,tanda tangani
taksisedangkan,taksi sedangkan
taksionlineseperti,taksi online seperti
taksionlinesebagai,taksi online sebagai
taksionlinejuga,taksi online juga
taksionlineitu,taksi online itu
taksionlineini,taksi online ini
taksionlinedi,taksi online
taksionlineakan,taksi online akan aksi
taksionlineadalah,taksi online adalah
taksionline,taksi online
kementerianperhubunganakan,kementerian perhubungan akan
taksinya,taksi
strukturnya,struktur
onlineyang,online
onlineuntuk,online
onlinetidak,online tidak
onlinesugihardjo,online sugihardjo
onlineseperti,online seperti
onlinesebelumnya,online sebelumnya
onlineper,online per
onlinepemerintah,online pemerintah
onlinepada,online pada
onlinemenurut,online menurut
onlinekompas,online kompas
onlineke,online ke
onlinehadir,online hadir
onlinedjoko,online djoko
onlinedilarang,online dilarang
onlinedengan,online dengan
onlinebudi,online budi
onlineberoperasi,online beroperasi
onlineagus,online agus
onlineagar,online agar
konvensionaldia,konvensional dia
konvensionalketua,konvensional ketua
grabtaxi,grabtaxi
taksisedangkan,taksi sedangkan
taksionlineseperti,taksi online seperti
taksionlineini,taksi online ini
supayatercipta,supaya tercipta
pmonehundredandeight,pm onehundredandeight
setijowarnomenilaikehadirantransportasi,setijo warno menilai kehadiran transportasi
sementaraakibat,sementara akibat
selaraskan,selaras
ojekonlineterlihat,ojek online terlihat
segeramenyelesaikanmasalah,segera menyelesaikan masalah
antaratransportasi,antara transportasi
kendaraankompas,kendaraan kompas
kendaraankompas,kendaraankompas
sastranegarataksi,sastranegara taksi
transportasinya,transportasi
sanksipemberian,sanksi pemberian
sampingannya,sampingan
salinanperjanjian,salinan perjanjian
srutkesembilan,srut ke sembilan
pengemudiangkutan,pengemudi angkutan
safetynya,keamanan
kmsebelumnya,km sebelumnya
kilometerwaktu,kilometer waktu
500peluang,limaratus peluang
500ketua,limaratus ketua
komplikasinya,komplikasi
aturantarifnya,aturan tarif
perusahaannya,perusahaan
mempersilakanangkutan,mempersila angkutan
ricuhtuntutan,ricuh tuntutan
ridesharing,ride sharing
pengemudiangkutan,pengemudi angkutan
kilometernya,kilometer
aturannyamenteri,aturan menteri
kecewapenggunaan,kecewa penggunaan
transportasidalam,transportasi dalam
rekannya,rekan
raziaangkutanonline,razia angkutan online
raziaangkutan,razia angkutan
rasasebelumnya,rasa sebelumnya
produktivitasnya,produktivitas
produktifitasnya,produktivtas
problematikanya,problematika
praktikkemitraanyang,praktik kemitraan yang
poolpenyelengara,pool penyelengara
poolpersyaratan,pool persyaratan
poinnyaketentuan,poin ketentuan
pmonehundredandeight,pm onehundredandeight
onehundredandeightteriakan,onehundredandeight teriakan
pjekonlinekepadapresiden,pjek online kepada presiden
pihaknyatidak,pihak tidak
petisipenurunan,petisi penurunan
petisipemerintah,petisi pemerintah
petisijuga,petisi juga
warganetuntuk,warganet untuk
petisidigalangwarganetdi,petisi digalang warganet di
aplikasisyafrin,aplikasi syafrin
transportasionline,transportasi online
angkutanonline,angkutan online
perusahaanmengalami,perusahaan mengalami
transportasiumar,transportasi umar
dinilaimemiliki,dinilai memiliki
angkutanonlinemenyediakan,angkutan online menyediakan
pertanggungjawabannya,tanggung jawab
pertumbuhannya,pertumbuhan
pertumbuhannya,pertumbuhan
permenhub seperti,permenhub seperti
permenhub onehundredandeight,permenhub onehundredandeight
onehundredandeightpara,onehundredandeight para
konsumenseperti,konsumen seperti
mengenaikemitraan,mengenai kemitraan
mempelajariisiperjanjuan,mempelajari isi perjanjuan
kemitraanyang,kemitraan yang
peringatanmanaging,peringatan managing
directorgrabindonesia,director grab indonesia
penyelenggaraantaksionlinekarena,penyelenggaraan aksi online karena
penumpangnyamenurut,penumpang menurut
pengemudiyang,pengemudi yang
denganmitra,dengan mitra
pengemudiojek,pengemudi ojek
pengemudiangkutan,pengemudi angkutan
onlineteknojek,online tekn ojek
transportasionlinediantaranya,transportasi online diantaranya
ojekonlineyang,ojekonline yang
ojekonlineumumnya,ojek online umumnya
ojekonlinedari,ojek online dari
mulaimengurus,mulai mengurus
pengamattransportasiuniversitas,pengamat transportasi universitas
soegijapranatadjoko,soegija pranatadjoko
pengamatanlbhjakarta,pengamatan lbh jakarta
pemerintahpenolakan,pemerintah penolakan
pangkalanmeski,pangkalan meski
paktikperbudakanmodern,paktik perbudakan modern
pajaksubstansi,pajak substansi
pajakpajak,pajak pajak
membunuhselama,membunuh selama
onlinetenang,online tenang
ygentertainment,yang entertainment
slama,selama
40balebengong,empatpuluh balebengong
15thn,limabelas tahun
hapuskan,hapus
100k,seratusribu
aagar,agar
aalammu,alam
aamiinn,amin
aaminn,amin
abisius,ambisius
acarainspiratifdankreatif,acara inspiratif dan kreatif
acaranye,acara
acaratv,acara tv
acarnya,acara
acranya,acara
adaapadengangambut,ada apa dengan gambut
adakh,ada
adakonser,ada konser
adalaah,adalah
adalag,adalah
adapertanyaan,ada pertanyaan
adedikasikan,dedikasi
aye,saya
kren,keren
bapake,bapak
cacingen,cacingan
guayamu,gaya
kmana,kemana
apkh,apakah
jt,juta
gubernurnya,gubernur
mileh,pilih
sgat,sanat
bo ongnya,bohong
kawannya,kawan
ngk,tidak
utangnya,hutang
dungus,dungu
apepun,apapun
ma'ruf,maruf
Ma'ruf,maruf
ruf,maruf
aruf,maruf
Ma'ruf,maruf
aaaa,xyz
aaaaakkk,xyz
aaaah,xyz
aaahhh,xyz
aah,xyz
abj,xyz
ac,xyz
aduhhh,xyz
ah,xyz
aia,xyz
amb,xyz
an,xyz
anu,xyz
aw,xyz
ba,xyz
bah,xyz
bat,xyz
bay,xyz
bee,xyz
ben,xyz
ber,xyz
bhahahah,xyz
bla,xyz
bos,xyz
bra,xyz
bro,xyz
btw,xyz
buahahahahahaha,xyz
bud,xyz
buhahaha,xyz
bul,xyz
bun,xyz
buy,xyz
ca,xyz
cak,xyz
cal,xyz
cc,xyz
ceu,xyz
ci,xyz
cie,xyz
ck,xyz
ckckckck,xyz
coy,xyz
cuk,xyz
cus,xyz
d,xyz
dar,xyz
dc,xyz
dd,xyz
de,xyz
deh,xyz
dek,xyz
den,xyz
dhe,xyz
die,xyz
dis,xyz
do,xyz
doi,xyz
du,xyz
duh,xyz
dy,xyz
ea,xyz
eah,xyz
eeh,xyz
eek,xyz
eh,xyz
ehmm,xyz
eitttt,xyz
em,xyz
euy,xyz
fi,xyz
fii,xyz
fo,xyz
fs,xyz
gan,xyz
gi,xyz
gih,xyz
gn,xyz
gsg,xyz
gu,xyz
gug,xyz
gun,xyz
gus,xyz
ha,xyz
haa,xyz
hah,xyz
haha,xyz
hahaa,xyz
hahah,xyz
hahaha,xyz
hahahaa,xyz
hahahaah,xyz
hahahaha,xyz
hahahahaha,xyz
hahahha,xyz
hahahhaa,xyz
hahaja,xyz
hahajahaha,xyz
hahhaa,xyz
hahhaha,xyz
hai,xyz
hat,xyz
he,xyz
hehehehe,xyz
hei,xyz
hey,xyz
hhaha,xyz
hhahhahah,xyz
hi,xyz
hin,xyz
hm,xyz
hmm,xyz
hu,xyz
hua,xyz
huahaha,xyz
huahahaha,xyz
huhahhaa,xyz
hus,xyz
hy,xyz
ibi,xyz
id,xyz
ig,xyz
ih,xyz
iih,xyz
iki,xyz
ilm,xyz
ing,xyz
iq,xyz
iya,xyz
jan,xyz
je,xyz
jiahaha,xyz
jos,xyz
jur,xyz
k,xyz
kae,xyz
kah,xyz
kakakaka,xyz
kakakaka,xyz
kakakaka,xyz
kal,xyz
kan,xyz
kar,xyz
keh,xyz
kek,xyz
kh,xyz
kis,xyz
ko,xyz
koh,xyz
kok,xyz
koq,xyz
kui,xyz
kwkwk,xyz
kwkwwkak,xyz
kwwkkwwkwkwk,xyz
kwwkwkwkw,xyz
kx,xyz
la,xyz
lae,xyz
lah,xyz
lai,xyz
lam,xyz
leb,xyz
len,xyz
lew,xyz
lh,xyz
lha,xyz
lho,xyz
lhu,xyz
lit,xyz
lk,xyz
loh,xyz
lol,xyz
lr,xyz
maa,xyz
mah,xyz
mak,xyz
mas,xyz
mba,xyz
mbe,xyz
mbk,xyz
mel,xyz
mem,xyz
men,xyz
mhm,xyz
mi,xyz
mur,xyz
mz,xyz
nah,xyz
nan,xyz
nar,xyz
ne,xyz
neh,xyz
ng,xyz
nge,xyz
ngoahahaha,xyz
ngu,xyz
nguakak,xyz
nh,xyz
nii,xyz
nob,xyz
noh,xyz
nt,xyz
ntu,xyz
nya,xyz
oap,xyz
oeh,xyz
oh,xyz
oi,xyz
ok,xyz
om,xyz
omg,xyz
on,xyz
oo,xyz
ooh,xyz
or,xyz
owi,xyz
oyo,xyz
p3,xyz
paw,xyz
pe,xyz
pem,xyz
per,xyz
pet,xyz
pi,xyz
pic,xyz
pie,xyz
pl,xyz
po,xyz
pol,xyz
pu,xyz
puk,xyz
pun,xyz
py,xyz
qs,xyz
rid,xyz
rr,xyz
sa,xyz
sak,xyz
sal,xyz
sam,xyz
san,xyz
say,xyz
se,xyz
sek,xyz
ser,xyz
si,xyz
sih,xyz
sik,xyz
sip,xyz
sis,xyz
siy,xyz
sl,xyz
soe,xyz
sok,xyz
sol,xyz
ss,xyz
su,xyz
ta,xyz
te,xyz
ter,xyz
terimakasih,xyz
tet,xyz
teu,xyz
thx,xyz
tjo,xyz
tmp,xyz
toh,xyz
tr,xyz
trims,xyz
tum,xyz
tun,xyz
tur,xyz
ul,xyz
um,xyz
ups,xyz
uyy,xyz
wa,xyz
wae,xyz
wah,xyz
wahahaha,xyz
wakakak,xyz
way,xyz
wi,xyz
wih,xyz
wii,xyz
wk,xyz
wkakakaaka,xyz
wkeeke,xyz
wkekwkwk,xyz
wkekwkwk,xyz
wkw,xyz
wkwk,xyz
wkwkkwkwkw,xyz
wkwkkwwkkw,xyz
wkwkw,xyz
wkwkwk,xyz
wkwkwkk,xyz
wkwkwkw,xyz
wkwkwkwk,xyz
wkwkwkwkkw,xyz
wkwkwkwkkw,xyz
wkwkwkwkw,xyz
wkwkwkwkwkk,xyz
wkwkwkwkwkwkwk,xyz
wkwkwkwkwkwkwkwkwkwkwk,xyz
wkwmkwmw,xyz
wo,xyz
woi,xyz
wow,xyz
woy,xyz
ws,xyz
wuahahahha,xyz
wuahahahha,xyz
wuahahhaha,xyz
yaa,xyz
yah,xyz
yao,xyz
ye,xyz
yee,xyz
yel,xyz
yim,xyz
yo,xyz
yoi,xyz
yoo,xyz
yu,xyz
yup,xyz
zen,xyz
rt,xyz
fyi,xyz
guys,xyz
eit,xyz
gek,xyz
haloo,xyz
hehe,xyz
ho,xyz
ii,xyz
mbok,xyz
okey,xyz
wr,xyz
cakcak,xyz
f1,xyz
tj,xyz
yas,xyz
yen,xyz
ap,xyz
boss,xyz
brews,xyz
brotha,xyz
brother,xyz
buahahaha,xyz
cletz,xyz
cuiwuit,xyz
cuzz,xyz
cyin,xyz
cynn,xyz
ehm,xyz
ge,xyz
hihi,xyz
hikz,xyz
jah,xyz
lan,xyz
masbro,xyz
mbakyu,xyz
meng,xyz
oiya,xyz
oom,xyz
ur,xyz
ve,xyz
vio,xyz
yew,xyz
nih,xyz
mbak,xyz
0th,xyz
ahoy,xyz
amuah,xyz
apekmr,xyz
babes,xyz
bang,xyz
bli,xyz
blup,xyz
bye,xyz
don,xyz
dunk,xyz
gees,xyz
hahahah,xyz
hasilnya,xyz
hayo,xyz
donk,xyz
ente,xyz
detikindonesia,xyz
sipp,xyz
woow,xyz
wuihh,xyz
yaah,xyz
oalah,xyz
mongg,xyz
kang,xyz
akang,xyz
gaes,xyz
brur,xyz
deng,xyz
sob,xyz
aach,xyz
aban,xyz
abang,xyz
aing,xyz
ajah,xyz
ajalah,xyz
ajja,xyz
alah,xyz
mbanya,xyz
bebeb,xyz
bems13,xyz
bero,xyz
bgts,xyz
bgtu,xyz
bgtuan,xyz
bibib,xyz
blas,xyz
bless,xyz
brow,xyz
ciee,xyz
ciye,xyz
ckckc,xyz
cozx,xyz
cyiinn,xyz
dech,xyz
detikindonesiacom,xyz
jek,xyz
ajja,xyz
iyaa,xyz
en,xyz
yi,xyz
holla,xyz
9gag,xyz
ahelah,xyz
ahh,xyz
aih,xyz
alah,xyz
aseek,xyz
ass,xyz
astaga,xyz
astagfirulloh,xyz
astagfiruloh,xyz
atuhlahh,xyz
aloh,xyz
wr,xyz
wb,xyz
bahahahahha,xyz
bb,xyz
beroo,xyz
beuh,xyz
bhakaka,xyz
bissmillaah,xyz
bless,xyz
bosquu,xyz
sich,xyx
al,xyz
alhamdulillah,xyz
insya,xyz
mbah,xyz
doang,xyz
hehehe,xyz
alloh,xyz
swt,xyz
hadeeh,xyz
hore,xyz
insyaallah,xyz
quran,xyz
halo,xyz
assalamualaikum,xyz
boalemo,xyz
mosok,xyz
nganu,xyz
alaikum,xyz
alamin,xyz
alhamdulilah,xyz
alhamdulill,xyz
allahu,xyz
alqur,xyz
ana,xyz
arek,xyz
assalamu,xyz
barakallah,xyz
bismillah,xyz
broo,xyz
chin,xyz
ding,xyz
faatihah,xyz
hadeh,xyz
hayoo,xyz
hihihi,xyz
hondaqq,xyz
insyaalloh,xyz
istiqlah,xyz
juzz,xyz
kann,xyz
klepek,xyz
mang,xyz
nich,xyz
niih,xyz
njul,xyz
nyet,xyz
opa,xyz
opung,xyz
owalah,xyz
perlilu,xyz
rabbal,xyz
rosululloh,xyz
sohib,xyz
sohibul,xyz
takbir,xyz
widih,xyz
yuhui,xyz
agusti,xyz
astaghfirullah,xyz
atuh,xyz
babarblas,xyz
babe,xyz
bismilahirohmanirohim,xyz
buzze,xyz
cian,xyz
dahsyatullah,xyz
doong,xyz
dung,xyz
eheem,xyz
emakku,xyz
enih,xyz
etdah,xyz
googlingbatas,xyz
haah,xyz
hadehh,xyz
hadoo,xyz
hajj,xyz
heddeeh,xyz
hehehhe,xyz
hehhee,xyz
hoam,xyz
hooh,xyz
idiihh,xyz
inih,xyz
inipun,xyz
inshaa,xyz
inshaallah,xyz
insyalloh,xyz
isix,xyz
jazakumullah,xyz
jeng,xyz
jiah,xyz
jus30,xyz
khairan,xyz
khan,xyz
kwakakak,xyz
laknatullah,xyz
laknatullooh,xyz
lemm,xyz
lillahi,xyz
lololol,xyz
looi,xyz
mahh,xyz
mahmil,xyz
mahmilkan,xyz
masyaallah,xyz
mawon,xyz
nahh,xyz
nahkan,xyz
ngahihileudan,xyz
ngunu,xyz
nihh,xyz
oala,xyz
ouuhh,xyz
pakbro,xyz
subahaloh,xyz
sw,xyz
tuturut,xyz
tuuh,xyz
udehla,xyz
uwak,xyz
waini,xyz
wiih,xyz
wise,xyz
wiss,xyz
wrwb,xyz
wuih,xyz
xexx,xyz
yabg,xyz
yaelah,xyz
yake,xyz
yoik,xyz
aa,xyz
iduskcn1g3,xyz
zz,xyz
yux,xyz
yyuk,xyz
yyuukk,xyz
yya,xyz
yuupss,xyz
yuunk,xyz
yuuk,xyz
yuu,xyz
yuks,xyz
yks,xyz
yukrt,xyz
yukks,xyz
yuhu,xyz
yoyoyoyoyoyo,xyz
yoyoy,xyz
yoyo,xyz
yooyo,xyz
yoosh,xyz
yook,xyz
yokk,xyz
yokyok,xyz
yoha,xyz
yoii,xyz
yohei,xyz
yoa,xyz
yks,xyz
yippy,xyz
yipps,xyz
yip,xyz
yihaa,xyz
yiha,xyz
ygmau,yang mau
yeyy,xyz
yey,xyz
woohoo,xyz
yess,xyz
yess,xyz
yesh,xyz
yehh,xyz
yeh,xyz
yeehaw,xyz
yeeah,xyz
yeeaahh,xyz
yeeaah,xyz
yeayy,xyz
yeayee,xyz
yeay,xyz
yeahrt,xyz
yeahh,xyz
yeah,xyz
yea,xyz
yayy,xyz
yayayaa,xyz
xixixixi,xyz
wwkwk,xyz
yeeye,xyz
wuyeah,xyz
wuss,xyz
wussh,xyz
woww,xyz
cont,xyz
aahahhaa,xyz
aahh,xyz
aahoeyy,xyz
aaja,xyz
aayyee,xyz
abanv,xyz
selamat pagi,xyz
selamat siang,xyz
selamat malam,xyz
terimakasih,xyz
terima kasih,xyz
media sosial,xyz
heu,xyz
wwkwkwk,xyz
xixixi,xyz
hbd,xyz
privikitir,xyz
10rka4fodq,xyz
Ôªø1jkezi,xyz
4engw91adg,xyz
6bzkl0etza,xyz
8azts6plea,xyz
c1regakwq0,xyz
Ôªødyicu0msql,xyz
Ôªøgb5eeadqu4,xyz
Ôªøiqcudlr0sk,xyz
izmxxa3,xyz
jfzixcde6,xyz
Ôªøk9exgqv4mv,xyz
Ôªømaplddvact,xyz
Ôªøncodfv3i9w,xyz
Ôªøpfjt3habc5,xyz
Ôªøvyus0q,xyz
Ôªøyzndm8ap9h,xyz
Ôªøzm7htn1hlf,xyz
Ôªøzxp0geqqge,xyz
Ôªøheu,xyz
bangeet,xyz
Ôªøvkkxtpy9m,xyz
Ôªølncojtmjxp,xyz
sia,xyz
ny,xyz
selamat sore,xyz
liputan,xyz
okezone,xyz
detikcom,xyz
